index,timestamp,x_m,y_m,z_m,qx,qy,qz,qw,yaw_deg,phase
0,1787715954.768590,-0.1336,0.5057,-0.2419,0.066920,0.002483,-0.504756,0.860661,-60.55,STAGE_5_RETURN_LOOP
1,1787715954.866734,-0.1340,0.5059,-0.2421,0.067047,0.002081,-0.505532,0.860196,-60.65,STAGE_5_RETURN_LOOP
2,1787715954.984297,-0.1339,0.5064,-0.2418,0.066916,0.003194,-0.506566,0.859595,-60.79,STAGE_5_RETURN_LOOP
3,1787715955.075937,-0.1350,0.5080,-0.2416,0.068119,0.004472,-0.508137,0.858566,-60.99,STAGE_5_RETURN_LOOP
4,1787715955.189953,-0.1363,0.5101,-0.2414,0.067890,0.007339,-0.510638,0.857080,-61.31,STAGE_5_RETURN_LOOP
5,1787715955.270337,-0.1389,0.5127,-0.2421,0.066664,0.007015,-0.515521,0.854251,-61.97,STAGE_5_RETURN_LOOP
6,1787715955.367343,-0.1449,0.5181,-0.2422,0.066165,0.005862,-0.524298,0.848940,-63.15,STAGE_5_RETURN_LOOP
7,1787715955.478603,-0.1545,0.5279,-0.2408,0.065209,0.007833,-0.534972,0.842313,-64.60,STAGE_5_RETURN_LOOP
8,1787715955.570683,-0.1691,0.5413,-0.2392,0.063414,0.013004,-0.546136,0.835192,-66.12,STAGE_5_RETURN_LOOP
9,1787715955.686246,-0.1887,0.5575,-0.2376,0.062874,0.018499,-0.558760,0.826736,-67.86,STAGE_5_RETURN_LOOP
10,1787715955.767019,-0.2115,0.5764,-0.2355,0.061584,0.024076,-0.570123,0.818894,-69.46,STAGE_5_RETURN_LOOP
11,1787715955.857276,-0.2362,0.5957,-0.2324,0.058656,0.030344,-0.578265,0.813172,-70.63,STAGE_5_RETURN_LOOP
12,1787715955.961768,-0.2614,0.6149,-0.2295,0.053352,0.034566,-0.584397,0.808974,-71.53,STAGE_5_RETURN_LOOP
13,1787715956.068162,-0.2838,0.6310,-0.2266,0.053740,0.037971,-0.588516,0.805804,-72.13,STAGE_5_RETURN_LOOP
14,1787715956.184267,-0.3030,0.6452,-0.2244,0.049321,0.041631,-0.594604,0.801424,-73.04,STAGE_5_RETURN_LOOP
15,1787715956.267089,-0.3223,0.6567,-0.2251,0.049308,0.040144,-0.604927,0.793738,-74.52,STAGE_5_RETURN_LOOP
16,1787715956.361060,-0.3461,0.6677,-0.2270,0.051651,0.041330,-0.614922,0.785809,-75.98,STAGE_5_RETURN_LOOP
17,1787715956.458440,-0.3722,0.6763,-0.2285,0.054895,0.048218,-0.624642,0.777486,-77.45,STAGE_5_RETURN_LOOP
18,1787715956.594267,-0.3997,0.6824,-0.2280,0.059100,0.050548,-0.634457,0.769036,-78.93,STAGE_5_RETURN_LOOP
19,1787715956.671232,-0.4317,0.6840,-0.2270,0.059002,0.049091,-0.643100,0.761926,-80.21,STAGE_5_RETURN_LOOP
20,1787715956.776013,-0.4680,0.6831,-0.2265,0.060405,0.043156,-0.650875,0.755546,-81.34,STAGE_5_RETURN_LOOP
21,1787715956.867834,-0.5076,0.6813,-0.2287,0.055584,0.044056,-0.655102,0.752204,-82.00,STAGE_5_RETURN_LOOP
22,1787715956.970729,-0.5490,0.6777,-0.2301,0.059009,0.046267,-0.653762,0.752976,-81.81,STAGE_5_RETURN_LOOP
23,1787715957.067030,-0.5934,0.6679,-0.2332,0.052707,0.044648,-0.657405,0.750365,-82.36,STAGE_5_RETURN_LOOP
24,1787715957.183032,-0.6293,0.6634,-0.2336,0.049904,0.041565,-0.662289,0.746428,-83.09,STAGE_5_RETURN_LOOP
25,1787715957.270518,-0.6626,0.6637,-0.2348,0.050929,0.048414,-0.659913,0.748049,-82.79,STAGE_5_RETURN_LOOP
26,1787715957.372425,-0.6947,0.6630,-0.2355,0.058693,0.046381,-0.660001,0.747531,-82.77,STAGE_5_RETURN_LOOP
27,1787715957.482428,-0.7303,0.6605,-0.2374,0.057744,0.046567,-0.657277,0.749990,-82.35,STAGE_5_RETURN_LOOP
28,1787715957.567159,-0.7677,0.6596,-0.2380,0.059412,0.044818,-0.653112,0.753596,-81.70,STAGE_5_RETURN_LOOP
29,1787715957.672503,-0.8104,0.6577,-0.2382,0.061718,0.037829,-0.649012,0.757327,-81.01,STAGE_5_RETURN_LOOP
30,1787715957.758100,-0.8592,0.6565,-0.2405,0.059903,0.034954,-0.642493,0.763146,-80.01,STAGE_5_RETURN_LOOP
31,1787715957.859018,-0.9085,0.6556,-0.2467,0.057532,0.040630,-0.637739,0.767025,-79.34,STAGE_5_RETURN_LOOP
32,1787715957.980487,-0.9560,0.6526,-0.2519,0.064953,0.038092,-0.628317,0.774304,-77.90,STAGE_5_RETURN_LOOP
33,1787715958.081740,-1.0004,0.6455,-0.2550,0.068061,0.040365,-0.616906,0.783049,-76.22,STAGE_5_RETURN_LOOP
34,1787715958.190947,-1.0384,0.6375,-0.2581,0.060955,0.041979,-0.611876,0.787483,-75.51,STAGE_5_RETURN_LOOP
35,1787715958.267017,-1.0711,0.6308,-0.2574,0.063784,0.042404,-0.607775,0.790407,-74.91,STAGE_5_RETURN_LOOP
36,1787715958.361391,-1.1047,0.6207,-0.2561,0.065039,0.049048,-0.603902,0.792885,-74.39,STAGE_5_RETURN_LOOP
37,1787715958.457277,-1.1395,0.6073,-0.2573,0.061414,0.052535,-0.601203,0.794999,-74.04,STAGE_5_RETURN_LOOP
38,1787715958.560606,-1.1736,0.5899,-0.2604,0.061964,0.047105,-0.598784,0.797119,-73.64,STAGE_5_RETURN_LOOP
39,1787715958.669545,-1.2078,0.5688,-0.2656,0.062874,0.041059,-0.599002,0.797219,-73.63,STAGE_5_RETURN_LOOP
40,1787715958.760694,-1.2446,0.5466,-0.2742,0.061136,0.038015,-0.594658,0.800749,-72.99,STAGE_5_RETURN_LOOP
41,1787715958.856752,-1.2805,0.5260,-0.2843,0.067912,0.036292,-0.591324,0.802750,-72.49,STAGE_5_RETURN_LOOP
42,1787715958.964824,-1.3171,0.5025,-0.2914,0.076992,0.037054,-0.586015,0.805783,-71.70,STAGE_5_RETURN_LOOP
43,1787715959.065608,-1.3471,0.4781,-0.2955,0.078126,0.040758,-0.574061,0.814057,-70.02,STAGE_5_RETURN_LOOP
44,1787715959.177122,-1.3710,0.4543,-0.2997,0.074427,0.039431,-0.556805,0.826362,-67.60,STAGE_5_RETURN_LOOP
45,1787715959.257158,-1.3907,0.4305,-0.3041,0.076089,0.032171,-0.538807,0.838369,-65.09,STAGE_5_RETURN_LOOP
46,1787715959.367691,-1.4127,0.4067,-0.3069,0.074269,0.026386,-0.521831,0.849400,-62.78,STAGE_5_RETURN_LOOP
47,1787715959.458764,-1.4371,0.3826,-0.3091,0.073390,0.029558,-0.502121,0.861171,-60.14,STAGE_5_RETURN_LOOP
48,1787715959.560082,-1.4610,0.3527,-0.3112,0.075837,0.032471,-0.478295,0.874316,-56.98,STAGE_5_RETURN_LOOP
49,1787715959.692457,-1.4806,0.3155,-0.3151,0.078477,0.029137,-0.447629,0.890292,-52.98,STAGE_5_RETURN_LOOP
50,1787715959.767883,-1.4945,0.2707,-0.3230,0.079217,0.025811,-0.404953,0.910534,-47.56,STAGE_5_RETURN_LOOP
51,1787715959.856076,-1.5041,0.2240,-0.3315,0.079386,0.018759,-0.361960,0.928618,-42.23,STAGE_5_RETURN_LOOP
52,1787715959.963331,-1.5119,0.1781,-0.3386,0.079807,0.005000,-0.315996,0.945385,-36.71,STAGE_5_RETURN_LOOP
53,1787715960.060399,-1.5166,0.1421,-0.3422,0.086422,0.000674,-0.280920,0.955832,-32.52,STAGE_5_RETURN_LOOP
54,1787715960.173929,-1.5232,0.1041,-0.3456,0.084462,0.009392,-0.249536,0.964629,-28.73,STAGE_5_RETURN_LOOP
55,1787715960.272368,-1.5267,0.0663,-0.3502,0.071863,0.014845,-0.226367,0.971274,-26.00,STAGE_5_RETURN_LOOP
56,1787715960.357503,-1.5297,0.0330,-0.3529,0.075056,0.015256,-0.203841,0.976003,-23.35,STAGE_5_RETURN_LOOP
57,1787715960.480848,-1.5294,-0.0039,-0.3572,0.080590,0.016565,-0.180393,0.980148,-20.59,STAGE_5_RETURN_LOOP
58,1787715960.556379,-1.5243,-0.0446,-0.3631,0.085140,0.016151,-0.161720,0.983024,-18.41,STAGE_5_RETURN_LOOP
59,1787715960.666205,-1.5127,-0.0876,-0.3714,0.091088,0.016355,-0.144823,0.985120,-16.43,STAGE_5_RETURN_LOOP
60,1787715960.779188,-1.4992,-0.1287,-0.3818,0.089014,0.017956,-0.123843,0.988138,-14.00,STAGE_5_RETURN_LOOP
61,1787715960.884212,-1.4796,-0.1690,-0.3901,0.096031,0.019478,-0.094911,0.990652,-10.64,STAGE_5_RETURN_LOOP
62,1787715960.978501,-1.4537,-0.2087,-0.3970,0.101619,0.018226,-0.066669,0.992420,-7.40,STAGE_5_RETURN_LOOP
63,1787715961.059829,-1.4278,-0.2414,-0.4012,0.100572,0.016381,-0.037615,0.994084,-4.10,STAGE_5_RETURN_LOOP
64,1787715961.161870,-1.3999,-0.2742,-0.4056,0.093736,0.015713,0.003398,0.995467,0.56,STAGE_5_RETURN_LOOP
65,1787715961.265713,-1.3686,-0.3049,-0.4091,0.092603,0.009062,0.046661,0.994568,5.42,STAGE_5_RETURN_LOOP
66,1787715961.367750,-1.3355,-0.3364,-0.4145,0.089488,-0.000698,0.096304,0.991321,11.00,STAGE_5_RETURN_LOOP
67,1787715961.484457,-1.2972,-0.3689,-0.4198,0.090708,-0.009720,0.145637,0.985123,16.59,STAGE_5_RETURN_LOOP
68,1787715961.571182,-1.2606,-0.3962,-0.4233,0.099525,-0.013881,0.185681,0.977458,21.16,STAGE_5_RETURN_LOOP
69,1787715961.663426,-1.2192,-0.4274,-0.4280,0.105314,-0.019331,0.231153,0.967007,26.40,STAGE_5_RETURN_LOOP
70,1787715961.778898,-1.1808,-0.4594,-0.4349,0.097882,-0.015766,0.274287,0.956523,31.57,STAGE_5_RETURN_LOOP
71,1787715961.879490,-1.1434,-0.4900,-0.4404,0.097570,-0.010606,0.305718,0.947050,35.37,STAGE_5_RETURN_LOOP
72,1787715961.985017,-1.1102,-0.5179,-0.4411,0.094923,-0.003441,0.332299,0.938379,38.65,STAGE_5_RETURN_LOOP
73,1787715962.068529,-1.0770,-0.5438,-0.4422,0.074988,-0.005166,0.356736,0.931176,41.68,STAGE_5_RETURN_LOOP
74,1787715962.174895,-1.0473,-0.5583,-0.4430,0.066165,-0.013859,0.377475,0.923549,44.22,STAGE_5_RETURN_LOOP
75,1787715962.287355,-1.0219,-0.5652,-0.4420,0.065405,-0.011923,0.402452,0.913024,47.34,STAGE_5_RETURN_LOOP
76,1787715962.387913,-0.9934,-0.5637,-0.4412,0.066498,-0.017808,0.424809,0.902662,50.14,STAGE_5_RETURN_LOOP
77,1787715962.473020,-0.9621,-0.5575,-0.4395,0.069050,-0.022651,0.447766,0.891193,53.05,STAGE_5_RETURN_LOOP
78,1787715962.571931,-0.9285,-0.5464,-0.4362,0.071297,-0.022476,0.472510,0.878149,56.25,STAGE_5_RETURN_LOOP
79,1787715962.693974,-0.8927,-0.5301,-0.4319,0.078108,-0.020795,0.498178,0.863299,59.60,STAGE_5_RETURN_LOOP
80,1787715962.782602,-0.8526,-0.5094,-0.4297,0.078236,-0.023683,0.528397,0.845053,63.65,STAGE_5_RETURN_LOOP
81,1787715962.867786,-0.8119,-0.4862,-0.4275,0.077832,-0.023342,0.562015,0.823126,68.28,STAGE_5_RETURN_LOOP
82,1787715962.970305,-0.7716,-0.4599,-0.4256,0.071755,-0.021232,0.593954,0.801012,72.80,STAGE_5_RETURN_LOOP
83,1787715963.058673,-0.7308,-0.4286,-0.4217,0.066510,-0.020731,0.625686,0.776958,77.43,STAGE_5_RETURN_LOOP
84,1787715963.184866,-0.6970,-0.3979,-0.4157,0.066566,-0.021981,0.653090,0.754029,81.54,STAGE_5_RETURN_LOOP
85,1787715963.290978,-0.6663,-0.3682,-0.4112,0.059564,-0.026962,0.680285,0.730026,85.78,STAGE_5_RETURN_LOOP
86,1787715963.365029,-0.6384,-0.3415,-0.4073,0.056189,-0.025733,0.708324,0.703177,90.28,STAGE_5_RETURN_LOOP
87,1787715963.470105,-0.6085,-0.3128,-0.4038,0.051863,-0.025982,0.733027,0.677722,94.39,STAGE_5_RETURN_LOOP
88,1787715963.568745,-0.5792,-0.2815,-0.4009,0.049760,-0.031081,0.755420,0.652609,98.29,STAGE_5_RETURN_LOOP
89,1787715963.662788,-0.5492,-0.2490,-0.3954,0.052368,-0.029762,0.772886,0.631679,101.41,STAGE_5_RETURN_LOOP
90,1787715963.766785,-0.5175,-0.2172,-0.3869,0.049843,-0.027455,0.789464,0.611154,104.45,STAGE_5_RETURN_LOOP
91,1787715963.867570,-0.4829,-0.1850,-0.3800,0.034738,-0.029856,0.805088,0.591384,107.42,STAGE_5_RETURN_LOOP
92,1787715963.967295,-0.4506,-0.1536,-0.3757,0.024595,-0.031914,0.816056,0.576567,109.57,STAGE_5_RETURN_LOOP
93,1787715964.083858,-0.4169,-0.1239,-0.3669,0.018146,-0.019185,0.829781,0.557464,112.23,STAGE_5_RETURN_LOOP
94,1787715964.211530,-0.3958,-0.0943,-0.3609,0.009736,-0.026617,0.840644,0.540847,114.53,STAGE_5_RETURN_LOOP
95,1787715964.332628,-0.3830,-0.0618,-0.3556,0.014806,-0.034642,0.851866,0.522404,117.04,STAGE_5_RETURN_LOOP
96,1787715964.391349,-0.3759,-0.0284,-0.3498,0.018534,-0.033954,0.865516,0.499384,120.11,STAGE_5_RETURN_LOOP
97,1787715964.464491,-0.3728,0.0076,-0.3431,0.016582,-0.034987,0.878131,0.476851,123.08,STAGE_5_RETURN_LOOP
98,1787715964.566548,-0.3720,0.0461,-0.3355,0.011253,-0.037638,0.890003,0.454260,126.01,STAGE_5_RETURN_LOOP
99,1787715964.675285,-0.3753,0.0880,-0.3271,0.007541,-0.041404,0.900560,0.432690,128.77,STAGE_5_RETURN_LOOP
100,1787715964.774731,-0.3826,0.1321,-0.3197,0.010343,-0.047527,0.907344,0.417565,130.71,STAGE_5_RETURN_LOOP
101,1787715964.874417,-0.3908,0.1752,-0.3139,0.007388,-0.050067,0.914545,0.401305,132.75,STAGE_5_RETURN_LOOP
102,1787715964.981805,-0.4024,0.2183,-0.3084,0.008348,-0.047123,0.922350,0.383381,134.98,STAGE_5_RETURN_LOOP
103,1787715965.074785,-0.4174,0.2665,-0.3037,0.009343,-0.047419,0.930539,0.362990,137.50,STAGE_5_RETURN_LOOP
104,1787715965.159530,-0.4335,0.3077,-0.2988,0.011389,-0.043283,0.937753,0.344408,139.77,STAGE_5_RETURN_LOOP
105,1787715965.274900,-0.4479,0.3481,-0.2956,0.010317,-0.045835,0.945792,0.321358,142.58,STAGE_5_RETURN_LOOP
106,1787715965.374269,-0.4593,0.3864,-0.2921,0.011890,-0.045017,0.954779,0.293649,145.92,STAGE_5_RETURN_LOOP
107,1787715965.461085,-0.4695,0.4252,-0.2881,0.012979,-0.041730,0.962009,0.269498,148.80,STAGE_5_RETURN_LOOP
108,1787715965.574006,-0.4780,0.4654,-0.2808,0.011952,-0.040942,0.968196,0.246529,151.52,STAGE_5_RETURN_LOOP
109,1787715965.669127,-0.4841,0.5071,-0.2702,0.009387,-0.044749,0.972634,0.227800,153.73,STAGE_5_RETURN_LOOP
110,1787715965.783534,-0.4883,0.5535,-0.2560,0.014131,-0.050998,0.974738,0.216991,155.03,STAGE_5_RETURN_LOOP
111,1787715965.868834,-0.4880,0.5993,-0.2389,0.022687,-0.049764,0.975809,0.211673,155.69,STAGE_5_RETURN_LOOP
112,1787715965.964881,-0.4807,0.6477,-0.2242,0.021139,-0.045964,0.976373,0.210088,155.85,STAGE_5_RETURN_LOOP
113,1787715966.053721,-0.4708,0.7031,-0.2176,0.019373,-0.056757,0.973762,0.219524,154.78,STAGE_5_RETURN_LOOP
114,1787715966.202018,-0.4550,0.7456,-0.2081,0.014653,-0.048979,0.971224,0.232617,153.19,STAGE_5_RETURN_LOOP
115,1787715966.299140,-0.4375,0.7843,-0.2024,0.016386,-0.066883,0.964560,0.254721,150.64,STAGE_5_RETURN_LOOP
116,1787715966.367054,-0.4194,0.8087,-0.1974,0.030877,-0.072453,0.956928,0.279437,147.79,STAGE_5_RETURN_LOOP
117,1787715966.472448,-0.3951,0.8249,-0.1920,0.035102,-0.067239,0.946852,0.312599,143.79,STAGE_5_RETURN_LOOP
118,1787715966.562557,-0.3690,0.8401,-0.1874,0.032620,-0.067726,0.932473,0.353331,138.82,STAGE_5_RETURN_LOOP
119,1787715966.657643,-0.3412,0.8553,-0.1808,0.032313,-0.065284,0.915519,0.395624,133.56,STAGE_5_RETURN_LOOP
120,1787715966.788494,-0.3126,0.8745,-0.1751,0.034468,-0.063368,0.894462,0.441287,127.76,STAGE_5_RETURN_LOOP
121,1787715966.890268,-0.2833,0.8924,-0.1724,0.034273,-0.063198,0.868483,0.490479,121.36,STAGE_5_RETURN_LOOP
122,1787715967.004330,-0.2531,0.9055,-0.1730,0.034523,-0.065444,0.841261,0.535543,115.31,STAGE_5_RETURN_LOOP
123,1787715967.106115,-0.2316,0.9088,-0.1735,0.041534,-0.059424,0.817273,0.571672,110.25,STAGE_5_RETURN_LOOP
124,1787715967.195599,-0.2091,0.9097,-0.1739,0.049179,-0.061464,0.787617,0.611116,104.55,STAGE_5_RETURN_LOOP
125,1787715967.305018,-0.1859,0.9033,-0.1768,0.051317,-0.067487,0.758389,0.646265,99.30,STAGE_5_RETURN_LOOP
126,1787715967.466583,-0.1654,0.8916,-0.1784,0.062445,-0.066903,0.720780,0.687095,92.80,STAGE_5_RETURN_LOOP
127,1787715967.604284,-0.1455,0.8717,-0.1788,0.066150,-0.069761,0.678254,0.728511,85.90,STAGE_5_RETURN_LOOP
128,1787715967.741968,-0.1244,0.8440,-0.1807,0.065912,-0.071332,0.634272,0.766985,79.12,STAGE_5_RETURN_LOOP
129,1787715967.891922,-0.1026,0.8091,-0.1844,0.068260,-0.065260,0.593663,0.799153,73.04,STAGE_5_RETURN_LOOP
130,1787715968.031950,-0.0792,0.7715,-0.1894,0.074807,-0.055477,0.557408,0.824999,67.77,STAGE_5_RETURN_LOOP
131,1787715968.183195,-0.0530,0.7340,-0.1973,0.076895,-0.052359,0.523619,0.846858,63.08,STAGE_5_RETURN_LOOP
132,1787715968.354677,-0.0282,0.6955,-0.2055,0.086672,-0.050023,0.484682,0.868947,57.79,STAGE_5_RETURN_LOOP
133,1787715968.500690,-0.0074,0.6593,-0.2160,0.087902,-0.049867,0.451012,0.886778,53.37,STAGE_5_RETURN_LOOP
134,1787715968.592100,0.0022,0.6185,-0.2232,0.093644,-0.048361,0.417603,0.902496,49.04,STAGE_5_RETURN_LOOP
135,1787715968.689691,0.0050,0.5823,-0.2308,0.096747,-0.053399,0.376930,0.919626,43.88,STAGE_5_RETURN_LOOP
136,1787715968.837377,0.0009,0.5485,-0.2367,0.103223,-0.048513,0.327976,0.937776,37.80,STAGE_5_RETURN_LOOP
137,1787715968.997690,-0.0047,0.5170,-0.2415,0.105439,-0.048259,0.269478,0.956000,30.72,STAGE_5_RETURN_LOOP
138,1787715969.100688,-0.0139,0.4880,-0.2442,0.103596,-0.044136,0.208775,0.971459,23.57,STAGE_5_RETURN_LOOP
139,1787715969.242239,-0.0246,0.4609,-0.2463,0.100598,-0.043689,0.145289,0.983292,16.19,STAGE_5_RETURN_LOOP
140,1787715969.338677,-0.0350,0.4383,-0.2467,0.099333,-0.044405,0.074751,0.991248,8.05,STAGE_5_RETURN_LOOP
141,1787715969.402247,-0.0432,0.4178,-0.2467,0.097452,-0.041656,0.004154,0.994359,0.01,STAGE_5_RETURN_LOOP
142,1787715969.462576,-0.0467,0.3995,-0.2491,0.094965,-0.037961,-0.066038,0.992562,-7.97,STAGE_5_RETURN_LOOP
143,1787715969.525408,-0.0469,0.3852,-0.2545,0.085743,-0.028243,-0.120797,0.988564,-14.11,STAGE_5_RETURN_LOOP
144,1787715969.589358,-0.0445,0.3785,-0.2592,0.088954,-0.025939,-0.173349,0.980492,-20.16,STAGE_5_RETURN_LOOP
145,1787715969.649386,-0.0439,0.3776,-0.2599,0.092700,-0.021480,-0.218823,0.971114,-25.40,STAGE_5_RETURN_LOOP
146,1787715969.701226,-0.0426,0.3814,-0.2573,0.090588,-0.020175,-0.262741,0.960393,-30.55,STAGE_5_RETURN_LOOP
147,1787715969.767993,-0.0435,0.3867,-0.2545,0.085789,-0.025771,-0.303480,0.948618,-35.46,STAGE_5_RETURN_LOOP
148,1787715969.836363,-0.0499,0.3948,-0.2525,0.078173,-0.026793,-0.347025,0.934208,-40.74,STAGE_5_RETURN_LOOP
149,1787715969.895567,-0.0617,0.4051,-0.2503,0.072894,-0.021419,-0.389489,0.917892,-45.91,STAGE_5_RETURN_LOOP
150,1787715969.963057,-0.0745,0.4173,-0.2478,0.069835,-0.012374,-0.427211,0.901366,-50.57,STAGE_5_RETURN_LOOP
151,1787715970.054285,-0.0811,0.4287,-0.2456,0.067959,-0.014082,-0.452562,0.889028,-53.82,STAGE_5_RETURN_LOOP
152,1787715970.123582,-0.0862,0.4399,-0.2455,0.069560,-0.019195,-0.476538,0.876188,-56.95,STAGE_5_RETURN_LOOP
153,1787715970.201254,-0.0919,0.4479,-0.2463,0.074156,-0.019818,-0.488990,0.868906,-58.58,STAGE_5_RETURN_LOOP
154,1787715970.277788,-0.0994,0.4547,-0.2468,0.078637,-0.017624,-0.498359,0.863217,-59.79,STAGE_5_RETURN_LOOP
155,1787715970.353650,-0.1088,0.4598,-0.2473,0.078937,-0.013620,-0.501527,0.861426,-60.18,STAGE_5_RETURN_LOOP
156,1787715970.425294,-0.1140,0.4639,-0.2471,0.077751,-0.010621,-0.501771,0.861433,-60.19,STAGE_5_RETURN_LOOP
157,1787715970.534715,-0.1176,0.4681,-0.2462,0.082421,-0.005178,-0.498579,0.862901,-59.73,STAGE_5_RETURN_LOOP
158,1787715970.614899,-0.1212,0.4687,-0.2467,0.083248,-0.004282,-0.495755,0.864453,-59.35,STAGE_5_RETURN_LOOP
159,1787715970.693607,-0.1264,0.4699,-0.2479,0.084199,-0.003635,-0.491925,0.866549,-58.83,STAGE_5_RETURN_LOOP
160,1787715970.758263,-0.1312,0.4739,-0.2486,0.087177,-0.003373,-0.486132,0.869520,-58.06,STAGE_5_RETURN_LOOP
161,1787715970.856120,-0.1347,0.4771,-0.2482,0.088522,-0.005305,-0.480683,0.872399,-57.36,STAGE_5_RETURN_LOOP
162,1787715970.977199,-0.1381,0.4794,-0.2477,0.086804,-0.005522,-0.475230,0.875552,-56.65,STAGE_5_RETURN_LOOP
163,1787715971.084024,-0.1414,0.4806,-0.2469,0.088180,-0.005720,-0.470384,0.878027,-56.02,STAGE_5_RETURN_LOOP
164,1787715971.172810,-0.1431,0.4825,-0.2463,0.087555,-0.003858,-0.468043,0.879349,-55.71,STAGE_5_RETURN_LOOP
165,1787715971.294827,-0.1456,0.4850,-0.2445,0.088977,-0.000639,-0.466559,0.880003,-55.49,STAGE_5_RETURN_LOOP
166,1787715971.409893,-0.1475,0.4858,-0.2435,0.085081,-0.001093,-0.465249,0.881081,-55.33,STAGE_5_RETURN_LOOP
167,1787715971.491935,-0.1492,0.4867,-0.2435,0.086266,-0.002645,-0.464869,0.881163,-55.29,STAGE_5_RETURN_LOOP
168,1787715971.567238,-0.1501,0.4890,-0.2434,0.087586,-0.001968,-0.465572,0.880663,-55.37,STAGE_5_RETURN_LOOP
169,1787715971.675138,-0.1517,0.4907,-0.2427,0.087201,0.000503,-0.466486,0.880220,-55.48,STAGE_5_RETURN_LOOP
170,1787715971.782683,-0.1520,0.4913,-0.2427,0.087073,0.001291,-0.466855,0.880036,-55.52,STAGE_5_RETURN_LOOP
171,1787715971.879709,-0.1513,0.4912,-0.2430,0.088224,0.000901,-0.466381,0.880173,-55.46,STAGE_5_RETURN_LOOP
172,1787715971.977889,-0.1497,0.4914,-0.2436,0.089574,0.000437,-0.465849,0.880319,-55.39,STAGE_5_RETURN_LOOP
173,1787715972.068968,-0.1491,0.4914,-0.2440,0.090650,-0.000304,-0.465450,0.880420,-55.34,STAGE_5_RETURN_LOOP
174,1787715972.287905,-0.1471,0.4914,-0.2439,0.089348,-0.000538,-0.465508,0.880522,-55.35,STAGE_5_RETURN_LOOP
175,1787715972.388434,-0.1462,0.4921,-0.2435,0.088919,-0.000552,-0.465073,0.880795,-55.30,STAGE_5_RETURN_LOOP
176,1787715972.506506,-0.1452,0.4929,-0.2429,0.087265,-0.000185,-0.463813,0.881625,-55.14,STAGE_5_RETURN_LOOP
177,1787715972.561490,-0.1440,0.4942,-0.2421,0.086900,0.000286,-0.463636,0.881754,-55.11,STAGE_5_RETURN_LOOP
178,1787715972.625144,-0.1439,0.4953,-0.2415,0.086939,0.000533,-0.464232,0.881436,-55.19,STAGE_5_RETURN_LOOP
179,1787715972.693875,-0.1444,0.4964,-0.2408,0.086754,0.000633,-0.464819,0.881145,-55.26,STAGE_5_RETURN_LOOP
180,1787715972.778735,-0.1458,0.4976,-0.2405,0.087065,0.001478,-0.465434,0.880789,-55.34,STAGE_5_RETURN_LOOP
181,1787715972.877602,-0.1469,0.4989,-0.2401,0.087447,0.002138,-0.464835,0.881066,-55.26,STAGE_5_RETURN_LOOP
182,1787715972.977594,-0.1473,0.4992,-0.2392,0.087003,0.003814,-0.462678,0.882239,-54.97,STAGE_5_RETURN_LOOP
183,1787715973.067423,-0.1488,0.4975,-0.2370,0.085482,0.004980,-0.459211,0.884191,-54.52,STAGE_5_RETURN_LOOP
184,1787715973.173409,-0.1493,0.4957,-0.2361,0.081782,0.005171,-0.455600,0.886405,-54.07,STAGE_5_RETURN_LOOP
185,1787715973.287416,-0.1480,0.4939,-0.2361,0.081290,0.002866,-0.451875,0.888365,-53.60,STAGE_5_RETURN_LOOP
186,1787715973.373816,-0.1463,0.4927,-0.2367,0.082670,0.001125,-0.449505,0.889443,-53.30,STAGE_5_RETURN_LOOP
187,1787715973.481358,-0.1456,0.4923,-0.2365,0.082627,-0.000367,-0.448017,0.890199,-53.12,STAGE_5_RETURN_LOOP
188,1787715973.607227,-0.1451,0.4928,-0.2368,0.082432,-0.000174,-0.447331,0.890562,-53.03,STAGE_5_RETURN_LOOP
189,1787715973.669904,-0.1446,0.4946,-0.2366,0.082755,0.000400,-0.447397,0.890498,-53.03,STAGE_5_RETURN_LOOP
190,1787715973.768818,-0.1438,0.4956,-0.2364,0.082185,0.000375,-0.447374,0.890563,-53.03,STAGE_5_RETURN_LOOP
191,1787715973.868381,-0.1437,0.4965,-0.2357,0.082186,0.001141,-0.447601,0.890448,-53.06,STAGE_5_RETURN_LOOP
192,1787715973.971949,-0.1436,0.4980,-0.2351,0.082043,0.001870,-0.447730,0.890395,-53.07,STAGE_5_RETURN_LOOP
193,1787715974.085919,-0.1429,0.4986,-0.2344,0.083027,0.001595,-0.447939,0.890199,-53.10,STAGE_5_RETURN_LOOP
194,1787715974.171632,-0.1421,0.4984,-0.2347,0.082727,0.001792,-0.447730,0.890332,-53.07,STAGE_5_RETURN_LOOP
195,1787715974.288141,-0.1413,0.4988,-0.2353,0.083978,0.001593,-0.447625,0.890268,-53.05,STAGE_5_RETURN_LOOP
196,1787715974.373199,-0.1401,0.4990,-0.2359,0.085203,0.000799,-0.446918,0.890508,-52.96,STAGE_5_RETURN_LOOP
197,1787715974.462672,-0.1393,0.4994,-0.2367,0.085992,0.000024,-0.446578,0.890603,-52.92,STAGE_5_RETURN_LOOP
198,1787715974.575698,-0.1385,0.4994,-0.2371,0.086122,0.000209,-0.445993,0.890883,-52.84,STAGE_5_RETURN_LOOP
199,1787715974.668316,-0.1390,0.4988,-0.2372,0.086030,-0.000114,-0.445681,0.891049,-52.81,STAGE_5_RETURN_LOOP
200,1787715974.762623,-0.1389,0.4990,-0.2376,0.085790,-0.000141,-0.446015,0.890904,-52.85,STAGE_5_RETURN_LOOP
201,1787715974.866237,-0.1396,0.4988,-0.2375,0.086184,-0.000596,-0.446174,0.890786,-52.87,STAGE_5_RETURN_LOOP
202,1787715974.974472,-0.1406,0.4981,-0.2377,0.085837,-0.000795,-0.446205,0.890805,-52.88,STAGE_5_RETURN_LOOP
203,1787715975.077287,-0.1413,0.4979,-0.2375,0.085717,-0.001961,-0.445607,0.891114,-52.81,STAGE_5_RETURN_LOOP
204,1787715975.160196,-0.1418,0.4979,-0.2382,0.085369,-0.001439,-0.446046,0.890928,-52.86,STAGE_5_RETURN_LOOP
205,1787715975.282438,-0.1417,0.4976,-0.2384,0.085372,-0.001018,-0.445651,0.891126,-52.81,STAGE_5_RETURN_LOOP
206,1787715975.371298,-0.1416,0.4969,-0.2380,0.085094,0.000019,-0.445474,0.891242,-52.78,STAGE_5_RETURN_LOOP
207,1787715975.457470,-0.1416,0.4961,-0.2377,0.084501,0.000974,-0.445486,0.891292,-52.78,STAGE_5_RETURN_LOOP
208,1787715975.579166,-0.1419,0.4957,-0.2372,0.083485,0.001425,-0.445442,0.891409,-52.77,STAGE_5_RETURN_LOOP
209,1787715975.658664,-0.1424,0.4947,-0.2364,0.082707,0.001696,-0.445442,0.891481,-52.78,STAGE_5_RETURN_LOOP
210,1787715975.791344,-0.1423,0.4937,-0.2361,0.082123,0.001701,-0.445303,0.891604,-52.76,STAGE_5_RETURN_LOOP
211,1787715975.878401,-0.1421,0.4925,-0.2363,0.081680,0.001154,-0.444399,0.892097,-52.65,STAGE_5_RETURN_LOOP
212,1787715975.978466,-0.1416,0.4913,-0.2363,0.081249,0.000574,-0.443408,0.892630,-52.53,STAGE_5_RETURN_LOOP
213,1787715976.057977,-0.1416,0.4905,-0.2355,0.081132,0.000884,-0.442583,0.893049,-52.42,STAGE_5_RETURN_LOOP
214,1787715976.175992,-0.1413,0.4899,-0.2350,0.080060,0.002491,-0.441329,0.893763,-52.25,STAGE_5_RETURN_LOOP
215,1787715976.295266,-0.1420,0.4879,-0.2344,0.077931,0.004690,-0.439470,0.894858,-52.01,STAGE_5_RETURN_LOOP
216,1787715976.366614,-0.1426,0.4871,-0.2332,0.074936,0.007191,-0.437882,0.895875,-51.81,STAGE_5_RETURN_LOOP
217,1787715976.482671,-0.1424,0.4850,-0.2330,0.072453,0.007644,-0.436639,0.896682,-51.65,STAGE_5_RETURN_LOOP
218,1787715976.580316,-0.1426,0.4833,-0.2335,0.072632,0.006706,-0.435181,0.897383,-51.47,STAGE_5_RETURN_LOOP
219,1787715976.669137,-0.1422,0.4815,-0.2339,0.072245,0.006156,-0.432754,0.898592,-51.17,STAGE_5_RETURN_LOOP
220,1787715976.764753,-0.1429,0.4781,-0.2332,0.069803,0.008687,-0.428554,0.900774,-50.63,STAGE_5_RETURN_LOOP
221,1787715976.884779,-0.1458,0.4742,-0.2307,0.061340,0.019515,-0.425602,0.902618,-50.25,STAGE_5_RETURN_LOOP
222,1787715976.982354,-0.1489,0.4700,-0.2271,0.048432,0.027826,-0.423923,0.903974,-50.08,STAGE_5_RETURN_LOOP
223,1787715977.057386,-0.1495,0.4685,-0.2253,0.045539,0.028204,-0.423338,0.904387,-50.02,STAGE_5_RETURN_LOOP
224,1787715977.189575,-0.1487,0.4674,-0.2261,0.049727,0.025964,-0.423284,0.904259,-49.99,STAGE_5_RETURN_LOOP
225,1787715977.279637,-0.1468,0.4671,-0.2273,0.054834,0.025325,-0.422122,0.904525,-49.83,STAGE_5_RETURN_LOOP
226,1787715977.365297,-0.1466,0.4673,-0.2280,0.058718,0.025020,-0.420480,0.905054,-49.61,STAGE_5_RETURN_LOOP
227,1787715977.495965,-0.1460,0.4668,-0.2283,0.058358,0.025294,-0.421174,0.904747,-49.69,STAGE_5_RETURN_LOOP
228,1787715977.570197,-0.1454,0.4705,-0.2289,0.057470,0.023900,-0.426220,0.902476,-50.34,STAGE_5_RETURN_LOOP
229,1787715977.678306,-0.1431,0.4809,-0.2315,0.076739,0.023285,-0.431316,0.898630,-50.91,STAGE_5_RETURN_LOOP
230,1787715977.768231,-0.1395,0.4944,-0.2334,0.106704,0.015931,-0.427476,0.897566,-50.31,STAGE_5_RETURN_LOOP
231,1787715977.874716,-0.1399,0.4990,-0.2326,0.110745,0.013017,-0.422869,0.899304,-49.72,STAGE_5_RETURN_LOOP
232,1787715977.984637,-0.1437,0.4953,-0.2270,0.088792,0.023382,-0.425515,0.900281,-50.12,STAGE_5_RETURN_LOOP
233,1787715978.066347,-0.1493,0.4928,-0.2231,0.074812,0.027170,-0.432740,0.897999,-51.09,STAGE_5_RETURN_LOOP
234,1787715978.182937,-0.1501,0.4964,-0.2233,0.077081,0.026656,-0.437880,0.895326,-51.74,STAGE_5_RETURN_LOOP
235,1787715978.273203,-0.1486,0.5003,-0.2269,0.090517,0.026215,-0.434940,0.895515,-51.30,STAGE_5_RETURN_LOOP
236,1787715978.372655,-0.1428,0.5013,-0.2309,0.106196,0.020786,-0.426691,0.897901,-50.19,STAGE_5_RETURN_LOOP
237,1787715978.504323,-0.1327,0.5013,-0.2344,0.116719,0.011383,-0.416075,0.901737,-48.85,STAGE_5_RETURN_LOOP
238,1787715978.578640,-0.1258,0.5014,-0.2364,0.123829,0.003737,-0.408051,0.904515,-47.87,STAGE_5_RETURN_LOOP
239,1787715978.680963,-0.1221,0.5031,-0.2382,0.130173,0.002199,-0.404348,0.905291,-47.39,STAGE_5_RETURN_LOOP
240,1787715978.768273,-0.1242,0.5070,-0.2389,0.134808,0.005889,-0.406547,0.903610,-47.60,STAGE_5_RETURN_LOOP
241,1787715978.865992,-0.1276,0.5100,-0.2373,0.132325,0.012179,-0.409843,0.902425,-47.97,STAGE_5_RETURN_LOOP
242,1787715978.964540,-0.1307,0.5090,-0.2344,0.123381,0.016920,-0.412471,0.902418,-48.32,STAGE_5_RETURN_LOOP
243,1787715979.056775,-0.1331,0.5060,-0.2309,0.114208,0.016573,-0.413761,0.903041,-48.53,STAGE_5_RETURN_LOOP
244,1787715979.176334,-0.1334,0.5046,-0.2300,0.104498,0.016155,-0.414456,0.903906,-48.67,STAGE_5_RETURN_LOOP
245,1787715979.259829,-0.1313,0.5055,-0.2318,0.101803,0.013483,-0.411535,0.905590,-48.33,STAGE_5_RETURN_LOOP
246,1787715979.374448,-0.1268,0.5061,-0.2349,0.104259,0.010771,-0.404523,0.908502,-47.46,STAGE_5_RETURN_LOOP
247,1787715979.465724,-0.1200,0.5057,-0.2378,0.106123,0.002373,-0.399885,0.910398,-46.93,STAGE_5_RETURN_LOOP
248,1787715979.567261,-0.1157,0.5053,-0.2391,0.106658,-0.001910,-0.399922,0.910320,-46.97,STAGE_5_RETURN_LOOP
249,1787715979.664229,-0.1160,0.5037,-0.2395,0.106334,-0.000440,-0.399241,0.910659,-46.87,STAGE_5_RETURN_LOOP
250,1787715979.773398,-0.1169,0.4985,-0.2393,0.099065,-0.002321,-0.396473,0.912683,-46.57,STAGE_5_RETURN_LOOP
251,1787715979.878929,-0.1151,0.4938,-0.2386,0.094903,-0.006346,-0.391167,0.915392,-45.95,STAGE_5_RETURN_LOOP
252,1787715979.958899,-0.1147,0.4916,-0.2389,0.098185,-0.006605,-0.385432,0.917474,-45.23,STAGE_5_RETURN_LOOP
253,1787715980.055201,-0.1145,0.4909,-0.2381,0.101640,-0.007637,-0.381291,0.918819,-44.72,STAGE_5_RETURN_LOOP
254,1787715980.153200,-0.1156,0.4902,-0.2378,0.101805,-0.006070,-0.379447,0.919575,-44.48,STAGE_5_RETURN_LOOP
255,1787715980.279997,-0.1179,0.4897,-0.2371,0.098008,-0.003541,-0.381065,0.919332,-44.67,STAGE_5_RETURN_LOOP
256,1787715980.368926,-0.1213,0.4890,-0.2360,0.092735,0.000053,-0.384979,0.918255,-45.14,STAGE_5_RETURN_LOOP
257,1787715980.472524,-0.1255,0.4894,-0.2346,0.089366,0.005055,-0.388740,0.916989,-45.58,STAGE_5_RETURN_LOOP
258,1787715980.569439,-0.1293,0.4902,-0.2339,0.086721,0.007306,-0.391257,0.916157,-45.89,STAGE_5_RETURN_LOOP
259,1787715980.671675,-0.1311,0.4899,-0.2334,0.085077,0.007589,-0.392367,0.915834,-46.03,STAGE_5_RETURN_LOOP
260,1787715980.801725,-0.1315,0.4887,-0.2329,0.083900,0.005293,-0.393692,0.915390,-46.22,STAGE_5_RETURN_LOOP
261,1787715980.877671,-0.1322,0.4876,-0.2326,0.084279,0.006138,-0.394083,0.915182,-46.26,STAGE_5_RETURN_LOOP
262,1787715980.956991,-0.1326,0.4861,-0.2317,0.082883,0.006933,-0.394575,0.915092,-46.32,STAGE_5_RETURN_LOOP
263,1787715981.060559,-0.1311,0.4851,-0.2298,0.080431,0.005812,-0.394713,0.915259,-46.35,STAGE_5_RETURN_LOOP
264,1787715981.164036,-0.1304,0.4846,-0.2289,0.079591,0.007469,-0.395618,0.914929,-46.46,STAGE_5_RETURN_LOOP
265,1787715981.274425,-0.1302,0.4840,-0.2287,0.080138,0.010933,-0.395571,0.914867,-46.43,STAGE_5_RETURN_LOOP
266,1787715981.384518,-0.1295,0.4826,-0.2292,0.078289,0.010395,-0.395877,0.914901,-46.48,STAGE_5_RETURN_LOOP
267,1787715981.463906,-0.1275,0.4816,-0.2298,0.078543,0.008157,-0.395100,0.915238,-46.39,STAGE_5_RETURN_LOOP
268,1787715981.558827,-0.1265,0.4824,-0.2307,0.080283,0.006763,-0.394916,0.915178,-46.37,STAGE_5_RETURN_LOOP
269,1787715981.661360,-0.1251,0.4830,-0.2319,0.080827,0.004471,-0.394725,0.915226,-46.36,STAGE_5_RETURN_LOOP
270,1787715981.773422,-0.1246,0.4826,-0.2326,0.080631,0.003196,-0.394660,0.915277,-46.36,STAGE_5_RETURN_LOOP
271,1787715981.855126,-0.1235,0.4823,-0.2321,0.080079,0.003301,-0.394219,0.915515,-46.31,STAGE_5_RETURN_LOOP
272,1787715981.970939,-0.1224,0.4820,-0.2313,0.079983,0.003222,-0.393621,0.915781,-46.23,STAGE_5_RETURN_LOOP
273,1787715982.074500,-0.1204,0.4830,-0.2301,0.080762,0.002952,-0.392442,0.916219,-46.08,STAGE_5_RETURN_LOOP
274,1787715982.192186,-0.1204,0.4835,-0.2306,0.080742,0.003519,-0.393053,0.915957,-46.16,STAGE_5_RETURN_LOOP
275,1787715982.277674,-0.1204,0.4832,-0.2313,0.079347,0.002691,-0.393753,0.915781,-46.25,STAGE_5_RETURN_LOOP
276,1787715982.369690,-0.1205,0.4829,-0.2319,0.079798,0.002361,-0.393970,0.915650,-46.28,STAGE_5_RETURN_LOOP
277,1787715982.466922,-0.1206,0.4831,-0.2325,0.081118,0.002710,-0.394981,0.915097,-46.40,STAGE_5_RETURN_LOOP
278,1787715982.564358,-0.1212,0.4833,-0.2319,0.080068,0.002345,-0.395426,0.914998,-46.46,STAGE_5_RETURN_LOOP
279,1787715982.679172,-0.1221,0.4826,-0.2311,0.078532,0.001621,-0.395927,0.914917,-46.53,STAGE_5_RETURN_LOOP
280,1787715982.764807,-0.1221,0.4820,-0.2311,0.078415,0.001933,-0.396045,0.914875,-46.55,STAGE_5_RETURN_LOOP
281,1787715982.859194,-0.1267,0.4853,-0.2276,0.079926,0.006801,-0.397505,0.914087,-46.70,STAGE_5_RETURN_LOOP
282,1787715982.995514,-0.1295,0.4855,-0.2266,0.080021,0.010692,-0.397914,0.913864,-46.73,STAGE_5_RETURN_LOOP
283,1787715983.097797,-0.1298,0.4859,-0.2261,0.082411,0.018235,-0.396439,0.914173,-46.50,STAGE_5_RETURN_LOOP
284,1787715983.170607,-0.1309,0.4867,-0.2270,0.088574,0.023141,-0.396507,0.913456,-46.46,STAGE_5_RETURN_LOOP
285,1787715983.291786,-0.1321,0.4891,-0.2283,0.096838,0.019290,-0.402195,0.910214,-47.15,STAGE_5_RETURN_LOOP
286,1787715983.371885,-0.1332,0.4950,-0.2293,0.107306,0.014962,-0.411266,0.905053,-48.26,STAGE_5_RETURN_LOOP
287,1787715983.474027,-0.1347,0.5023,-0.2305,0.115312,0.010473,-0.423349,0.898537,-49.78,STAGE_5_RETURN_LOOP
288,1787715983.574020,-0.1350,0.5076,-0.2317,0.120364,0.009141,-0.428237,0.895568,-50.39,STAGE_5_RETURN_LOOP
289,1787715983.673765,-0.1330,0.5083,-0.2325,0.121826,0.005401,-0.426882,0.896048,-50.24,STAGE_5_RETURN_LOOP
290,1787715983.767555,-0.1286,0.5049,-0.2332,0.118816,-0.003111,-0.422887,0.898354,-49.82,STAGE_5_RETURN_LOOP
291,1787715983.854439,-0.1271,0.5014,-0.2335,0.115694,-0.007667,-0.421693,0.899295,-49.72,STAGE_5_RETURN_LOOP
292,1787715983.955680,-0.1273,0.5002,-0.2335,0.115679,-0.006901,-0.422207,0.899062,-49.78,STAGE_5_RETURN_LOOP
293,1787715984.061262,-0.1277,0.5011,-0.2324,0.118303,-0.005285,-0.422602,0.898545,-49.80,STAGE_5_RETURN_LOOP
294,1787715984.153847,-0.1274,0.5012,-0.2327,0.117336,-0.006052,-0.422447,0.898740,-49.80,STAGE_5_RETURN_LOOP
295,1787715984.295825,-0.1277,0.4995,-0.2324,0.114945,-0.008145,-0.421363,0.899541,-49.69,STAGE_5_RETURN_LOOP
296,1787715984.411147,-0.1268,0.4977,-0.2325,0.112851,-0.007835,-0.419349,0.900750,-49.44,STAGE_5_RETURN_LOOP
297,1787715984.480426,-0.1256,0.4965,-0.2326,0.112169,-0.008159,-0.417326,0.901771,-49.19,STAGE_5_RETURN_LOOP
298,1787715984.582896,-0.1245,0.4954,-0.2326,0.112149,-0.009816,-0.415566,0.902569,-48.98,STAGE_5_RETURN_LOOP
299,1787715984.672414,-0.1238,0.4959,-0.2328,0.113336,-0.011410,-0.415784,0.902302,-49.02,STAGE_5_RETURN_LOOP
