index,timestamp,x_m,y_m,z_m,qx,qy,qz,qw,yaw_deg
0,1787628090.799284,0.0002,-0.0010,0.0013,0.000076,0.000206,0.000180,1.000000,0.02
1,1787628090.890352,0.0003,-0.0007,0.0012,0.000064,0.000319,0.000453,1.000000,0.05
2,1787628090.951735,0.0007,-0.0009,0.0013,-0.000054,0.000225,0.000594,1.000000,0.07
3,1787628091.077826,0.0004,-0.0008,0.0014,0.000092,0.000207,0.000463,1.000000,0.05
4,1787628091.147300,0.0000,-0.0010,0.0015,0.000156,0.000246,0.000365,1.000000,0.04
5,1787628091.284595,0.0005,-0.0014,0.0014,0.000073,0.000375,0.000216,1.000000,0.02
6,1787628091.362866,0.0003,-0.0013,0.0016,0.000137,0.000263,0.000227,1.000000,0.03
7,1787628091.491097,0.0005,-0.0014,0.0019,0.000123,0.000453,0.000227,1.000000,0.03
8,1787628091.573153,0.0009,-0.0012,0.0020,0.000186,0.000315,0.000263,1.000000,0.03
9,1787628091.643920,0.0008,-0.0012,0.0019,0.000241,0.000241,0.000258,1.000000,0.03
10,1787628091.769750,0.0005,-0.0012,0.0015,0.000147,0.000226,0.000106,1.000000,0.01
11,1787628091.847765,0.0005,-0.0012,0.0013,0.000175,0.000333,0.000229,1.000000,0.03
12,1787628092.002581,0.0005,-0.0016,0.0015,0.000079,0.000254,0.000500,1.000000,0.06
13,1787628092.087689,0.0004,-0.0014,0.0013,0.000124,0.000248,0.000351,1.000000,0.04
14,1787628092.245957,0.0005,-0.0011,0.0014,0.000170,0.000225,0.000203,1.000000,0.02
15,1787628092.362014,0.0004,-0.0010,0.0016,0.000137,0.000363,0.000453,1.000000,0.05
16,1787628092.539929,0.0003,-0.0011,0.0015,0.000055,0.000339,0.000296,1.000000,0.03
17,1787628092.713251,0.0001,-0.0011,0.0014,0.000150,0.000247,0.000286,1.000000,0.03
18,1787628092.869989,0.0003,-0.0011,0.0012,0.000135,0.000175,0.000131,1.000000,0.01
19,1787628093.053123,0.0005,-0.0016,0.0014,0.000121,0.000199,0.000101,1.000000,0.01
20,1787628093.143260,0.0005,-0.0015,0.0014,0.000168,0.000192,0.000324,1.000000,0.04
21,1787628093.252556,0.0003,-0.0014,0.0014,0.000116,0.000319,0.000182,1.000000,0.02
22,1787628093.328668,0.0004,-0.0015,0.0017,0.000050,0.000134,0.000445,1.000000,0.05
23,1787628093.447593,0.0004,-0.0015,0.0018,0.000281,0.000279,0.000207,1.000000,0.02
24,1787628093.619681,0.0003,-0.0013,0.0014,0.000076,0.000336,0.000279,1.000000,0.03
25,1787628093.730426,0.0005,-0.0012,0.0012,0.000152,0.000261,0.000259,1.000000,0.03
26,1787628093.884199,0.0004,-0.0010,0.0013,0.000146,0.000411,0.000204,1.000000,0.02
27,1787628093.951679,0.0002,-0.0012,0.0013,0.000135,0.000369,0.000271,1.000000,0.03
28,1787628094.083387,0.0003,-0.0012,0.0015,0.000154,0.000414,0.000277,1.000000,0.03
29,1787628094.201588,0.0002,-0.0016,0.0016,0.000068,0.000197,0.000376,1.000000,0.04
30,1787628094.311890,0.0003,-0.0014,0.0015,0.000163,0.000211,0.000322,1.000000,0.04
31,1787628094.415026,0.0003,-0.0012,0.0014,0.000147,0.000107,0.000274,1.000000,0.03
32,1787628094.477376,0.0002,-0.0012,0.0016,0.000084,0.000155,0.000415,1.000000,0.05
33,1787628094.629512,0.0003,-0.0013,0.0017,0.000121,0.000373,0.000302,1.000000,0.03
34,1787628094.767462,-0.0001,-0.0014,0.0018,0.000123,0.000335,0.000375,1.000000,0.04
35,1787628094.911327,0.0008,-0.0010,0.0012,0.000076,0.000346,0.000248,1.000000,0.03
36,1787628095.097679,0.0008,-0.0016,0.0014,0.000145,0.000266,0.000281,1.000000,0.03
37,1787628095.335647,0.0006,-0.0010,0.0018,0.000199,0.000443,0.000326,1.000000,0.04
38,1787628095.401614,0.0005,-0.0014,0.0020,0.000063,0.000389,0.000365,1.000000,0.04
39,1787628095.476090,0.0001,-0.0016,0.0020,0.000091,0.000113,0.000250,1.000000,0.03
40,1787628095.577500,0.0002,-0.0018,0.0020,0.000115,0.000220,0.000147,1.000000,0.02
41,1787628095.683383,0.0006,-0.0016,0.0016,0.000181,0.000083,0.000037,1.000000,0.00
42,1787628095.772354,0.0003,-0.0016,0.0014,0.000136,0.000269,0.000318,1.000000,0.04
43,1787628095.858264,-0.0002,-0.0015,0.0015,0.000220,0.000232,0.000467,1.000000,0.05
44,1787628095.959159,-0.0002,-0.0015,0.0015,0.000256,0.000237,0.000258,1.000000,0.03
45,1787628096.079083,-0.0002,-0.0011,0.0015,0.000155,0.000401,0.000402,1.000000,0.05
46,1787628096.173709,-0.0002,-0.0011,0.0016,0.000144,0.000322,0.000235,1.000000,0.03
47,1787628096.252508,-0.0002,-0.0010,0.0015,0.000029,0.000260,0.000366,1.000000,0.04
48,1787628096.380389,0.0007,-0.0010,0.0015,-0.000057,0.000361,0.000331,1.000000,0.04
49,1787628096.557700,0.0010,-0.0010,0.0016,0.000100,0.000188,0.000144,1.000000,0.02
50,1787628096.694683,0.0007,-0.0012,0.0017,0.000109,0.000218,0.000275,1.000000,0.03
51,1787628096.873967,0.0005,-0.0012,0.0018,0.000162,0.000401,0.000285,1.000000,0.03
52,1787628096.989425,0.0003,-0.0012,0.0019,0.000101,0.000283,0.000217,1.000000,0.02
53,1787628097.132843,-0.0003,-0.0018,0.0017,0.000258,0.000295,0.000362,1.000000,0.04
54,1787628097.300237,-0.0002,-0.0014,0.0016,0.000241,0.000170,0.000224,1.000000,0.03
55,1787628097.393613,0.0001,-0.0013,0.0014,0.000142,0.000236,0.000286,1.000000,0.03
56,1787628097.547069,0.0007,-0.0015,0.0015,0.000108,0.000329,0.000218,1.000000,0.02
57,1787628097.643839,0.0009,-0.0015,0.0014,0.000196,0.000194,0.000166,1.000000,0.02
58,1787628097.725300,0.0011,-0.0012,0.0016,-0.000018,0.000374,0.000244,1.000000,0.03
59,1787628097.829551,0.0011,-0.0013,0.0018,0.000237,0.000208,0.000161,1.000000,0.02
60,1787628097.908803,0.0005,-0.0011,0.0016,0.000207,0.000294,0.000355,1.000000,0.04
61,1787628097.982005,0.0003,-0.0012,0.0016,0.000183,0.000405,0.000289,1.000000,0.03
62,1787628098.116505,0.0003,-0.0008,0.0014,0.000142,0.000220,0.000231,1.000000,0.03
63,1787628098.377546,0.0005,-0.0014,0.0015,0.000106,0.000239,0.000245,1.000000,0.03
64,1787628098.605666,0.0001,-0.0014,0.0018,0.000084,0.000247,0.000377,1.000000,0.04
65,1787628098.680596,0.0001,-0.0013,0.0015,0.000156,0.000303,0.000323,1.000000,0.04
66,1787628098.871683,0.0001,-0.0011,0.0013,0.000167,0.000098,0.000248,1.000000,0.03
67,1787628099.096262,0.0001,-0.0010,0.0016,0.000094,0.000306,0.000477,1.000000,0.05
68,1787628099.321904,0.0002,-0.0010,0.0015,0.000197,0.000168,0.000298,1.000000,0.03
69,1787628099.586556,0.0005,-0.0014,0.0013,0.000130,0.000284,0.000297,1.000000,0.03
70,1787628099.784101,0.0003,-0.0016,0.0018,0.000221,0.000350,0.000399,1.000000,0.05
71,1787628100.088877,0.0005,-0.0011,0.0017,0.000204,0.000384,0.000406,1.000000,0.05
72,1787628100.166775,0.0006,-0.0011,0.0017,0.000161,0.000266,0.000185,1.000000,0.02
73,1787628100.377625,0.0001,-0.0014,0.0017,0.000226,0.000042,0.000184,1.000000,0.02
74,1787628100.551405,0.0004,-0.0013,0.0017,0.000160,0.000228,0.000237,1.000000,0.03
75,1787628100.635191,0.0004,-0.0011,0.0015,0.000170,0.000270,0.000350,1.000000,0.04
76,1787628100.752645,0.0005,-0.0010,0.0014,0.000056,0.000494,0.000232,1.000000,0.03
77,1787628100.829248,0.0003,-0.0012,0.0016,0.000213,0.000328,0.000302,1.000000,0.03
78,1787628100.906048,0.0004,-0.0009,0.0015,0.000084,0.000401,0.000263,1.000000,0.03
79,1787628100.977221,0.0004,-0.0012,0.0016,0.000140,0.000158,0.000304,1.000000,0.03
80,1787628101.108037,0.0005,-0.0010,0.0016,0.000187,0.000232,0.000233,1.000000,0.03
81,1787628101.244724,0.0007,-0.0012,0.0012,0.000124,0.000472,0.000280,1.000000,0.03
82,1787628101.371814,0.0008,-0.0013,0.0014,0.000223,0.000356,0.000246,1.000000,0.03
83,1787628101.441957,0.0003,-0.0015,0.0015,0.000022,0.000100,0.000287,1.000000,0.03
84,1787628101.521926,0.0001,-0.0015,0.0015,0.000214,0.000343,0.000271,1.000000,0.03
85,1787628101.670518,-0.0000,-0.0012,0.0016,0.000209,0.000239,0.000328,1.000000,0.04
86,1787628101.802158,0.0001,-0.0011,0.0016,0.000124,0.000410,0.000252,1.000000,0.03
87,1787628101.914544,0.0006,-0.0012,0.0015,0.000200,0.000347,0.000298,1.000000,0.03
88,1787628101.989884,0.0003,-0.0011,0.0013,0.000158,0.000366,0.000331,1.000000,0.04
89,1787628102.075952,-0.0001,-0.0013,0.0013,0.000112,0.000368,0.000400,1.000000,0.05
90,1787628102.174750,-0.0002,-0.0011,0.0014,0.000191,0.000232,0.000326,1.000000,0.04
91,1787628102.443124,0.0003,-0.0012,0.0016,0.000047,0.000368,0.000394,1.000000,0.05
92,1787628102.733140,0.0003,-0.0012,0.0015,0.000237,0.000157,0.000266,1.000000,0.03
93,1787628102.851450,0.0004,-0.0010,0.0015,0.000101,0.000255,0.000326,1.000000,0.04
94,1787628103.136778,0.0005,-0.0011,0.0011,-0.000007,0.000384,0.000190,1.000000,0.02
95,1787628103.239047,0.0005,-0.0011,0.0010,0.000067,0.000547,0.000390,1.000000,0.04
96,1787628103.515455,0.0003,-0.0012,0.0012,0.000168,0.000328,0.000336,1.000000,0.04
97,1787628103.728207,0.0006,-0.0010,0.0019,0.000138,0.000291,0.000244,1.000000,0.03
98,1787628103.977656,0.0003,-0.0010,0.0015,0.000155,0.000233,0.000361,1.000000,0.04
99,1787628104.061508,0.0006,-0.0007,0.0012,0.000045,0.000364,0.000292,1.000000,0.03
100,1787628104.303992,-0.0000,-0.0019,0.0014,0.000560,0.000027,0.000212,1.000000,0.02
101,1787628104.520591,0.0004,-0.0014,0.0016,0.000162,0.000294,0.000289,1.000000,0.03
102,1787628104.697278,0.0004,-0.0010,0.0017,0.000029,0.000177,0.000342,1.000000,0.04
103,1787628104.921619,0.0005,-0.0012,0.0015,0.000200,0.000240,0.000264,1.000000,0.03
104,1787628105.332894,0.0008,-0.0013,0.0012,0.000209,0.000283,0.000192,1.000000,0.02
105,1787628105.618531,0.0003,-0.0008,0.0014,0.000098,0.000411,0.000438,1.000000,0.05
106,1787628105.826884,0.0003,-0.0009,0.0014,0.000219,0.000221,0.000200,1.000000,0.02
107,1787628105.926280,0.0004,-0.0009,0.0016,0.000050,0.000078,0.000503,1.000000,0.06
108,1787628106.223770,0.0005,-0.0015,0.0015,0.000200,0.000245,0.000217,1.000000,0.02
109,1787628106.561895,0.0005,-0.0013,0.0016,0.000197,0.000249,0.000237,1.000000,0.03
110,1787628106.791132,0.0006,-0.0007,0.0014,0.000166,0.000132,0.000207,1.000000,0.02
111,1787628107.071578,0.0013,-0.0013,0.0014,-0.000037,0.000361,0.000485,1.000000,0.06
112,1787628107.374048,0.0002,-0.0015,0.0013,0.000111,0.000273,0.000170,1.000000,0.02
113,1787628107.497434,0.0003,-0.0011,0.0013,0.000097,0.000336,0.000376,1.000000,0.04
114,1787628107.675896,0.0005,-0.0007,0.0014,0.000106,0.000212,0.000210,1.000000,0.02
115,1787628107.814072,0.0004,-0.0010,0.0015,0.000087,0.000436,0.000292,1.000000,0.03
116,1787628108.058597,0.0001,-0.0010,0.0017,0.000033,0.000372,0.000550,1.000000,0.06
117,1787628108.285966,0.0002,-0.0011,0.0013,0.000123,0.000280,0.000293,1.000000,0.03
118,1787628108.505221,0.0005,-0.0015,0.0012,0.000136,0.000259,0.000191,1.000000,0.02
119,1787628108.739826,0.0008,-0.0010,0.0016,0.000155,0.000522,0.000255,1.000000,0.03
120,1787628109.036303,0.0005,-0.0008,0.0014,0.000197,0.000292,0.000245,1.000000,0.03
121,1787628109.242103,0.0003,-0.0011,0.0016,-0.000027,0.000143,0.000283,1.000000,0.03
122,1787628109.691840,0.0002,-0.0010,0.0014,0.000096,0.000214,0.000349,1.000000,0.04
